Series Name,Series Code,Country Name,Country Code,1990 [YR1990],2000 [YR2000],2011 [YR2011],2012 [YR2012],2013 [YR2013],2014 [YR2014],2015 [YR2015],2016 [YR2016],2017 [YR2017],2018 [YR2018],2019 [YR2019],2020 [YR2020]
Área selvática  (kilómetros cuadrados),AG.LND.FRST.K2,,AFE,4988232.4,5058895.14,4765400.98,4734211.36,4703021.74,4671832.12,4640642.5,4607876.1,4575901.2,4544314.78,4511676.2,4479395
Área selvática  (kilómetros cuadrados),AG.LND.FRST.K2,,AFW,2060349,1953461.84,1862169.28,1854212.96,1846256.64,1838300.32,1830344,1822960.7789,1815608.1,1807898.6,1800220.1,1792580.7
Área selvática  (kilómetros cuadrados),AG.LND.FRST.K2,El mundo árabe,ARB,200673.068999237,411781.7,389730.660000763,387305.120000763,384879.580000763,382454.040000763,380038.2,377730.6,375191.7,372634.1,370302.7,367980.7
Área selvática  (kilómetros cuadrados),AG.LND.FRST.K2,Estados pequeos del Caribe,CSS,369972.4,367737.7,366230.12,365932.84,365635.56,365338.28,365041,364757.9,364515.3,364223.4,363931.1,363639.2
Área selvática  (kilómetros cuadrados),AG.LND.FRST.K2,Europa Central y del Báltico,CEB,353069,358777.6,373931.3,375384.4,376837.5,378290.6,379743.7,380336.502,380939.984,381258,381574.9,381881.8
Área selvática  (kilómetros cuadrados),AG.LND.FRST.K2,inicial del dividendo demográfico,EAR,8429045.19999924,8072590.1935,7824271.58000076,7793744.38700076,7763217.19400076,7732690.00200076,7702172.5088,7686805,7655531.46,7632988.4,7610957.1,7589317.5
Área selvática  (kilómetros cuadrados),AG.LND.FRST.K2,Asia oriental y el Pacífico,EAS,6399770.269,6358553.1972,6538256.81,6550796.263,6563335.716,6575875.17,6588414.6228,6617999.125,6617836.7,6625321.5,6632992.9,6640831.4
Área selvática  (kilómetros cuadrados),AG.LND.FRST.K2,Asia oriental y el Pacífico (excluido altos ingresos),EAP,4637221.7,4613428.2626,4809026.164,4814618.175,4820210.186,4825802.198,4831394.2088,4851733.57,4851860.1,4859526.8,4867196.5,4874866.3
Área selvática  (kilómetros cuadrados),AG.LND.FRST.K2,Asia oriental y el Pacífico (BIRF y la AIF),TEA,4568300.7,4549099.8626,4747047.024,4752852.495,4758657.966,4764463.438,4770268.9088,4790821.77,4791161.7,4799041.9,4806925,4814808.2
Área selvática  (kilómetros cuadrados),AG.LND.FRST.K2,Zona del Euro,EMU,918315.91,978203.096,1019686.45,1021882.37,1024078.29,1026274.21,1028470.13,1030071.2,1031881.2,1033420,1034958.4,1036486.8
Área selvática  (kilómetros cuadrados),AG.LND.FRST.K2,Europa y Asia central,ECS,10303035.21,10385048.164,10521971.919,10527722.972,10533474.027,10539225.082,10544976.1366,10551036.454,10557512.0592,10562170.4615,10566819.1,10571460.1
Área selvática  (kilómetros cuadrados),AG.LND.FRST.K2,Europa y Asia central (excluido altos ingresos),ECA,8785942.8,8801264.968,8891039.055,8894155.567,8897272.08,8900388.594,8903505.1066,8907642.552,8911931.1752,8914682.9615,8917436.5,8920192.2
Área selvática  (kilómetros cuadrados),AG.LND.FRST.K2,Europa y Asia central (BIRF y la AIF),TEC,8893262.8,8910704.968,9003715.055,9007017.567,9010320.08,9013622.594,9016925.1066,9021233.754,9025717.2592,9028614.0615,9031512.6,9034413.3
Área selvática  (kilómetros cuadrados),AG.LND.FRST.K2,Unión Europea,EUU,1452989.31,1517983.696,1569420.23,1572707.33,1575994.43,1579281.53,1582568.63,1584695.302,1586843.084,1588671.1,1590497.5,1592313.8
Área selvática  (kilómetros cuadrados),AG.LND.FRST.K2,Frágiles y situaciones de conflicto afectados,FCS,5060338.69999924,5106962.3626,4860441.61500076,4834448.93000076,4808456.24600076,4782463.56300076,4756480.5785,4729614.2309,4703834.948,4678697.0295,4653082.3,4628111.4
Área selvática  (kilómetros cuadrados),AG.LND.FRST.K2,Países pobres muy endeudados (PPME),HPC,5950078.4,5861855.64,5553223.96,5521304.72,5489385.48,5457466.24,5425547,5391094.3,5357638.9,5324413.28,5290657.1,5257492.2
Área selvática  (kilómetros cuadrados),AG.LND.FRST.K2,Ingreso alto,HIC,9972797.779,10041496.4306,10137634.09,10151695.653,10165757.217,10179818.78,10193880.344,10205900.957,10205869.584,10208665.8,10211631.8,10214756.8
Área selvática  (kilómetros cuadrados),AG.LND.FRST.K2,Sólo BIRF,IBD,25032092.769,24538572.698,24253670.955,24235606.867,24217542.78,24199478.694,24181414.6066,24176884.724,24147934.957,24136296.6615,24123028.5,24110892.6
Área selvática  (kilómetros cuadrados),AG.LND.FRST.K2,BIRF y la AIF,IBT,32148709.269,31645994.6915,31001079.655,30944155.394,30887231.134,30830306.876,30773382.6154,30730056.4029,30663489.7592,30614171.7415,30562216,30511789.4
Área selvática  (kilómetros cuadrados),AG.LND.FRST.K2,mezcla de la AIF,IDB,1356507.2,1368737.9726,1332314.904,1329177.455,1326040.006,1322902.558,1319765.1088,1316722.7789,1314043.36,1311097.8,1307859.6,1304621.4
Área selvática  (kilómetros cuadrados),AG.LND.FRST.K2,Sólo AIF,IDX,5760109.3,5738684.0209,5415093.796,5379371.072,5343648.348,5307925.624,5272202.9,5236448.9,5201511.4422,5166777.28,5131327.9,5096275.4
Área selvática  (kilómetros cuadrados),AG.LND.FRST.K2,total de la AIF,IDA,7116616.5,7107421.9935,6747408.7,6708548.527,6669688.354,6630828.182,6591968.0088,6553171.6789,6515554.8022,6477875.08,6439187.5,6400896.8
Área selvática  (kilómetros cuadrados),AG.LND.FRST.K2,avanzada del dividendo demográfico,LTE,17775975.069,17601591.958,17535737.695,17544405.847,17553074,17561742.154,17570410.3066,17578118.622,17578621.6152,17587197.8615,17593652.8,17600849.8
Área selvática  (kilómetros cuadrados),AG.LND.FRST.K2,América Latina y el Caribe,LCN,10699618.5,10154426.4,9572388.48,9543467.36,9514546.24,9485625.12,9456704,9426994.8,9392385.2,9369198.6,9344163.7,9320331.1
Área selvática  (kilómetros cuadrados),AG.LND.FRST.K2,América Latina y el Caribe (excluido altos ingresos),LAC,10007388.2,9478534.8,8899224.36,8869826.82,8840429.28,8811031.74,8781634.2,8751821.6,8716921.9,8693197.8,8667380.6,8642518.4
Área selvática  (kilómetros cuadrados),AG.LND.FRST.K2,América Latina y el Caribe (BIRF y la AIF),TLA,10670140.4,10120126.4,9532008,9502576.6,9473145.2,9443713.8,9414282.4,9383996.8,9349370.8,9326176.9,9301136.5,9277297.5
Área selvática  (kilómetros cuadrados),AG.LND.FRST.K2,Países menos desarrollados: clasificación de las Naciones Unidas,LDC,6045934.6,6055639.2209,5706757.236,5667501.852,5628246.468,5588991.084,5549735.7,5510387.9,5471861.6,5433740.18,5394896.4,5356449.5
Área selvática  (kilómetros cuadrados),AG.LND.FRST.K2,Ingreso mediano y bajo,LMY,31447311.8689992,30959045.2915,30317353.8550008,30260063.9940008,30202774.1340008,30145484.2760008,30088204.1154,30044966.2009,29977717.5752,29927510.8415,29874419.9,29822611.7
Área selvática  (kilómetros cuadrados),AG.LND.FRST.K2,Países de ingreso bajo,LIC,3305529,3425849.34,3240589.36,3220068.52,3199547.68,3179026.84,3158506,3136866.2,3116042.5,3095631.28,3074493.7,3053753.4
Área selvática  (kilómetros cuadrados),AG.LND.FRST.K2,Países de ingreso mediano bajo,LMC,7507252.16899924,7213744.5535,6979564.12000076,6948676.66700076,6917789.21400076,6886901.76200076,6856024.0088,6839090.2789,6804116.2022,6776469.3,6748950.8,6721555.4
Área selvática  (kilómetros cuadrados),AG.LND.FRST.K2,Oriente Medio y Norte de África,MEA,204711.168999237,208527,228452.620000763,228617.840000763,228783.060000763,228948.280000763,229123.2,229110.6,229204.7,229360.3,229740.8,230051.3
Área selvática  (kilómetros cuadrados),AG.LND.FRST.K2,Oriente Medio y Norte de África (excluido altos ingresos),MNA,191100.968999237,194047,213846.260000763,213989.320000763,214132.380000763,214275.440000763,214428.2,214667.1,214761.6,214917.6,215298.9,215609.2
Área selvática  (kilómetros cuadrados),AG.LND.FRST.K2,Oriente Medio y Norte de África (BIRF y la AIF),TMN,191010.169,193956.2,213754.56,213897.62,214040.68,214183.74,214326.8,214565.7,214660.2,214816.2,215197.5,215507.8
Área selvática  (kilómetros cuadrados),AG.LND.FRST.K2, Ingreso mediano,MIC,28141782.8689992,27533195.9515,27076764.4950008,27039995.4740008,27003226.4540008,26966457.4360007,26929698.1154,26908100.0009,26861675.0752,26831879.5615,26799926.2,26768858.3
Área selvática  (kilómetros cuadrados),AG.LND.FRST.K2,América del Norte,NAC,6507239.3,6513389.7,6562769.1,6565106.1,6567443.1,6569780.1,6572117.1,6571720.4,6568350.5,6567980.7,6567610.8,6567241
Área selvática  (kilómetros cuadrados),AG.LND.FRST.K2,No clasificado,INX,..,..,..,..,..,..,..,..,..,..,..,..
Área selvática  (kilómetros cuadrados),AG.LND.FRST.K2,Miembros OCDE,OED,11487671.61,11507404.096,11573194.09,11585562.35,11597930.61,11610298.87,11622667.13,11631555.2,11629150.3,11630163.6,11631360.5,11632704
Área selvática  (kilómetros cuadrados),AG.LND.FRST.K2,Otros Estados pequeos,OSS,642731.1,622513.34,602668.88,600618.66,598568.44,596518.22,594468,592247.9,590206.8,587984.7,585765.2,583546.3
Área selvática  (kilómetros cuadrados),AG.LND.FRST.K2,Estados pequeos de las Islas del Pacfico,PSS,42291.6,42816.5,43431.04,43486.78,43542.52,43598.26,43654,43709.9,43765.7,43821.6,43877.4,43933.2
Área selvática  (kilómetros cuadrados),AG.LND.FRST.K2,posterior al dividendo demográfico,PST,9850173.179,9911702.0306,9999287.936,10011769.138,10024250.34,10036731.542,10049212.744,10061358.057,10059915.984,10061410.6,10063077.2,10064890.9
Área selvática  (kilómetros cuadrados),AG.LND.FRST.K2,previa al dividendo demográfico,PRE,5882361.7,5903417.64,5566366.88,5530879.76,5495392.64,5459905.52,5424418.4,5387374.4789,5351162,5315324.18,5278468.2,5242008.6
Área selvática  (kilómetros cuadrados),AG.LND.FRST.K2,Pequeños Estados,SST,1054995.1,1033067.54,1012330.04,1010038.28,1007746.52,1005454.76,1003163,1000715.7,998487.8,996029.7,993573.7,991118.7
Área selvática  (kilómetros cuadrados),AG.LND.FRST.K2,Asia meridional,SAS,777413.8,859750.2809,876984.756,879386.792,881788.828,884190.864,886592.9,888601.5,891070.5,893309.3,895548.1,897786.9
Área selvática  (kilómetros cuadrados),AG.LND.FRST.K2,Asia meridional (BIRF y la AIF),TSA,777413.8,859750.2809,876984.756,879386.792,881788.828,884190.864,886592.9,888601.5,891070.5,893309.3,895548.1,897786.9
Área selvática  (kilómetros cuadrados),AG.LND.FRST.K2,África al sur del Sahara,SSF,7048581.4,7012356.98,6627570.26,6588424.32,6549278.38,6510132.44,6470986.5,6430836.8789,6391509.3,6352213.38,6311896.3,6271975.7
Área selvática  (kilómetros cuadrados),AG.LND.FRST.K2,África al sur del Sahara (excluido altos ingresos),SSA,7048244.4,7012019.98,6627233.26,6588087.32,6548941.38,6509795.44,6470649.5,6430499.8789,6391172.3,6351876.38,6311559.3,6271638.7
Área selvática  (kilómetros cuadrados),AG.LND.FRST.K2,África al sur del Sahara (BIRF y la AIF),TSS,7048581.4,7012356.98,6627570.26,6588424.32,6549278.38,6510132.44,6470986.5,6430836.8789,6391509.3,6352213.38,6311896.3,6271975.7
Área selvática  (kilómetros cuadrados),AG.LND.FRST.K2,Ingreso mediano alto,UMC,20634530.7,20319451.398,20097200.375,20091318.807,20085437.24,20079555.674,20073674.1066,20069009.722,20057558.873,20055410.2615,20050975.4,20047302.9
Área selvática  (kilómetros cuadrados),AG.LND.FRST.K2,Mundo,WLD,41282694.9,40556022.3,40123639.2,40090560.5,40057482,40024403.3,39991324.6,39958245.9,..,..,..,..
Área selvática  (kilómetros cuadrados),AG.LND.FRST.K2,Afganistán,AFG,12084.4,12084.4,12084.4,12084.4,12084.4,12084.4,12084.4,12084.4,12084.4,12084.4,12084.4,12084.4
Área selvática  (kilómetros cuadrados),AG.LND.FRST.K2,Albania,ALB,7888,7693,7834.935,7849.17,7863.405,7877.64,7891.875,7891.8,7889.025,7889,7889,7889
Área selvática  (kilómetros cuadrados),AG.LND.FRST.K2,Argelia,DZA,16670,15790,19256,19332,19408,19484,19560,19560,19430,19300,19390,19490
Área selvática  (kilómetros cuadrados),AG.LND.FRST.K2,Samoa Americana,ASM,180.7,177.3,174,173.7,173.4,173.1,172.8,172.5,172.2,171.9,171.6,171.3
Área selvática  (kilómetros cuadrados),AG.LND.FRST.K2,Andorra,AND,160,160,160,160,160,160,160,160,160,160,160,160
Área selvática  (kilómetros cuadrados),AG.LND.FRST.K2,Angola,AGO,792627.8,777086.1,716029.38,710478.76,704928.14,699377.52,693826.9,688276.2,682725.7,677175.1,671624.4,666073.8
Área selvática  (kilómetros cuadrados),AG.LND.FRST.K2,Antigua y Barbuda,ATG,101.1,94.5,87.14,86.48,85.82,85.16,84.5,83.8,83.2,82.5,81.8,81.2
Área selvática  (kilómetros cuadrados),AG.LND.FRST.K2,Argentina,ARG,352040,333780,299906,297672,295438,293204,290970,290100,288990,287910,286810,285730
Área selvática  (kilómetros cuadrados),AG.LND.FRST.K2,Armenia,ARM,3350,3326.4,3303.52,3301.44,3299.36,3297.28,3295.2,3293.1,3291,3288.9,3286.8,3284.7
Área selvática  (kilómetros cuadrados),AG.LND.FRST.K2,Aruba,ABW,4.2,4.2,4.2,4.2,4.2,4.2,4.2,4.2,4.2,4.2,4.2,4.2
Área selvática  (kilómetros cuadrados),AG.LND.FRST.K2,Australia,AUS,1338822,1318141,1302557.8,1309654.6,1316751.4,1323848.2,1330945,1340372,1340174,1340051,1340051,1340051
Área selvática  (kilómetros cuadrados),AG.LND.FRST.K2,Austria,AUT,37756.7,38381.4,38667.98,38703.96,38739.94,38775.92,38811.9,38847.9,38883.8,38919.7,38955.6,38991.5
Área selvática  (kilómetros cuadrados),AG.LND.FRST.K2,Azerbaiyán,AZE,8520,9872.2,10415.731,10506.515,10597.3,10688.085,10778.8697,10874.752,10971.848,11087.1495,11202.4,11317.7
Área selvática  (kilómetros cuadrados),AG.LND.FRST.K2,Bahamas,BHS,5098.6,5098.6,5098.6,5098.6,5098.6,5098.6,5098.6,5098.6,5098.6,5098.6,5098.6,5098.6
Área selvática  (kilómetros cuadrados),AG.LND.FRST.K2,Bahrein,BHR,2.2,3.7,5.36,5.52,5.68,5.84,6,6.2,6.4,6.6,6.8,7
Área selvática  (kilómetros cuadrados),AG.LND.FRST.K2,Bangladesh,BGD,19203.3,19203.2809,18873.536,18863.652,18853.768,18843.884,18834,18834,18834,18834,18834,18834
Área selvática  (kilómetros cuadrados),AG.LND.FRST.K2,Barbados,BRB,63,63,63,63,63,63,63,63,63,63,63,63
Área selvática  (kilómetros cuadrados),AG.LND.FRST.K2,Belarús,BLR,77800,82730,86307,86314,86321,86328,86335,87096,87241,87386,87531,87676
Área selvática  (kilómetros cuadrados),AG.LND.FRST.K2,Bélgica,BEL,7632,6673,6897.56,6896.42,6895.28,6894.14,6893,6893,6893,6893,6893,6893
Área selvática  (kilómetros cuadrados),AG.LND.FRST.K2,Belice,BLZ,16000.3,14593,13796.78,13679.66,13562.54,13445.42,13328.3,13216.8,13105.2,12993.7,12882.1,12770.5
Área selvática  (kilómetros cuadrados),AG.LND.FRST.K2,Benin,BEN,48351.5,41351.5,35851.5,35351.5,34851.5,34351.5,33851.5,33351.5,32851.5,32351.5,31851.5,31351.5
Área selvática  (kilómetros cuadrados),AG.LND.FRST.K2,Bermudas,BMU,10,10,10,10,10,10,10,10,10,10,10,10
Área selvática  (kilómetros cuadrados),AG.LND.FRST.K2,Bhután,BTN,25067.2,26060,27072.68,27092.46,27112.24,27132.02,27151.8,27171.6,27191.4,27211.2,27231,27250.8
Área selvática  (kilómetros cuadrados),AG.LND.FRST.K2,Bolivia,BOL,578047.2,551013.9,528742.52,526624.94,524507.36,522389.78,520272.2,517506.8,514922.2,512532.4,510337.6,508337.6
Área selvática  (kilómetros cuadrados),AG.LND.FRST.K2,Bosnia y Herzegovina,BIH,22100,21116.5,21142.28,21257.96,21373.64,21489.32,21605,21765.1,21879.1,21879.1,21879.1,21879.1
Área selvática  (kilómetros cuadrados),AG.LND.FRST.K2,Botswana,BWA,188037,176207,163194,162011,160828,159645,158462,157279,156096,154913,153730,152547
Área selvática  (kilómetros cuadrados),AG.LND.FRST.K2,Brasil,BRA,5888980,5510886,5100415.2,5085023.4,5069631.6,5054239.8,5038848,5020821,5000916,4990514,4977985,4966196
Área selvática  (kilómetros cuadrados),AG.LND.FRST.K2,Islas Vírgenes Británicas,VGB,37.1,36.7,36.36,36.32,36.28,36.24,36.2,36.2,36.2,36.2,36.2,36.2
Área selvática  (kilómetros cuadrados),AG.LND.FRST.K2,Brunei Darussalam,BRN,4130,3970,3800,3800,3800,3800,3800,3800,3800,3800,3800,3800
Área selvática  (kilómetros cuadrados),AG.LND.FRST.K2,Bulgaria,BGR,33270,33750,37562,37754,37946,38138,38330,38410,38540,38670,38800,38930
Área selvática  (kilómetros cuadrados),AG.LND.FRST.K2,Burkina Faso,BFA,77166,72165,66664.8,66164.6,65664.4,65164.2,64664,64164,63664,63164,62664,62164
Área selvática  (kilómetros cuadrados),AG.LND.FRST.K2,Burundi,BDI,2764.8,1939.4,2110.8,2282.2,2453.6,2625,2796.4,2796.4,2796.4,2796.4,2796.4,2796.4
Área selvática  (kilómetros cuadrados),AG.LND.FRST.K2,Cabo Verde,CPV,153.8,397.2,430.2,433.2,436.2,439.2,442.2,445.2,448.2,451.2,454.2,457.2
Área selvática  (kilómetros cuadrados),AG.LND.FRST.K2,Camboya,KHM,110047.9,107810,102407.48,98922.66,95437.84,91953.02,88468.2,86911.3,85354.4,83797.5,82240.6,80683.7
Área selvática  (kilómetros cuadrados),AG.LND.FRST.K2,Camerún,CMR,225000,215974.9,208444.8,207884.8,207324.8,206764.8,206204.8,205644.8,205084.8,204524.8,203964.8,203404.8
Área selvática  (kilómetros cuadrados),AG.LND.FRST.K2,Canadá,CAN,3482729.3,3478019.7,3472809.1,3472396.1,3471983.1,3471570.1,3471157.1,3470760.4,3470390.5,3470020.7,3469650.8,3469281
Área selvática  (kilómetros cuadrados),AG.LND.FRST.K2,Islas Caimán,CYM,131.3,129.3,127.2,127.2,127.2,127.2,127.2,127.2,127.2,128.1,127.2,127.2
Área selvática  (kilómetros cuadrados),AG.LND.FRST.K2,República Centroafricana,CAF,232030,229030,225730,225430,225130,224830,224530,224230,223930,223630,223330,223030
Área selvática  (kilómetros cuadrados),AG.LND.FRST.K2,Chad,TCD,67300,63530,54020,52740,51460,50180,48900,47690,46510,45350,44220,43130
Área selvática  (kilómetros cuadrados),AG.LND.FRST.K2,Islas del Canal,CHI,8.3,8.3,10.2,10.2,10.2,10.2,10.2,10.2,10.2,10.2,..,..
Área selvática  (kilómetros cuadrados),AG.LND.FRST.K2,Chile,CHL,152460.5,158170.6,168994.24,170735.88,172477.52,174219.16,175960.8,177190.1,178419.4,179648.7,180878,182107
Área selvática  (kilómetros cuadrados),AG.LND.FRST.K2,China,CHN,1571405.9,1770005.5,2025471.54,2044839.28,2064207.02,2083574.76,2102942.5,2124598.67,2143394.7,2162190.4,2180986.1,2199781.8
Área selvática  (kilómetros cuadrados),AG.LND.FRST.K2,Colombia,COL,649581.4,627355,606731.64,605385.38,604039.12,602692.86,601346.6,599594.9,597397.7,595404.8,593412,591419.1
Área selvática  (kilómetros cuadrados),AG.LND.FRST.K2,Comoras,COM,460.6,416.8,368.62,364.24,359.86,355.48,351.1,346.7,342.3,338,333.6,329.2
Área selvática  (kilómetros cuadrados),AG.LND.FRST.K2,"Congo, República Democrática del",COD,1506290,1438990,1360676.24,1349662.48,1338648.72,1327634.96,1316621.2,1305607.4,1294593.7,1283579.9,1272566.1,1261552.4
Área selvática  (kilómetros cuadrados),AG.LND.FRST.K2,"Congo, República del",COG,223150,221950,220630,220510,220390,220270,220150,220030,219910,219760,219610,219460
Área selvática  (kilómetros cuadrados),AG.LND.FRST.K2,Costa Rica,CRI,29074,28572.2,28875.66,29039.32,29202.98,29366.64,29530.3,29694,29857.7,30021.3,30185,30348.7
Área selvática  (kilómetros cuadrados),AG.LND.FRST.K2,Côte d'Ivoire,CIV,78508.6,50944.5,38526.94,37398.08,36269.22,35140.36,34011.5,32882.6,31753.7,30624.8,29496,28367.1
Área selvática  (kilómetros cuadrados),AG.LND.FRST.K2,Croacia,HRV,18500,18850,19204,19208,19212,19216,19220,19241.202,19316.084,19341.1,19366.1,19391.1
Área selvática  (kilómetros cuadrados),AG.LND.FRST.K2,Cuba,CUB,20580,24350,29824,30328,30832,31336,31840,32410,32420,32420,32420,32420
Área selvática  (kilómetros cuadrados),AG.LND.FRST.K2,Curacao,CUW,..,0.7,0.7,0.7,0.7,0.7,0.7,0.7,0.7,0.7,0.7,0.7
Área selvática  (kilómetros cuadrados),AG.LND.FRST.K2,Chipre,CYP,1611.1,1716.1,1728.14,1727.88,1727.62,1727.36,1727.1,1726.1,1725.9,1725.7,1725.5,1725.3
Área selvática  (kilómetros cuadrados),AG.LND.FRST.K2,República Checa,CZE,26290,26372.9,26595.82,26617.84,26639.86,26661.88,26683.9,26698.5,26716.6,26734.7,26752.8,26770.9
Área selvática  (kilómetros cuadrados),AG.LND.FRST.K2,Dinamarca,DNK,5314.4,5716,5941.28,6017.66,6094.04,6170.42,6246.8,6246.6,6256,6265.6,6275,6284.4
Área selvática  (kilómetros cuadrados),AG.LND.FRST.K2,Djibouti,DJI,56,56,56,56,56,56,56,56,56.1,56.4,57,58
Área selvática  (kilómetros cuadrados),AG.LND.FRST.K2,Dominica,DMA,503.1,478.7,478.7,478.7,478.7,478.7,478.7,478.7,478.7,478.7,478.7,478.7
Área selvática  (kilómetros cuadrados),AG.LND.FRST.K2,República Dominicana,DOM,15948.9,19724.7,20792.26,20853.32,20914.38,20975.44,21036.5,21117.4,21198.3,21279.2,21360.1,21441
Área selvática  (kilómetros cuadrados),AG.LND.FRST.K2,Ecuador,ECU,146322.1,137305,129863.88,129445.86,129027.84,128609.82,128191.8,127549.1,126906.4,126263.7,125621,124978.3
Área selvática  (kilómetros cuadrados),AG.LND.FRST.K2,"Egipto, República Árabe de",EGY,438.1,592.1,621.96,587.52,553.08,518.64,484.2,449.8,449.8,449.8,449.8,449.8
Área selvática  (kilómetros cuadrados),AG.LND.FRST.K2,El Salvador,SLV,7188.8,6738.8,6243.8,6198.8,6153.8,6108.8,6063.8,6018.8,5973.8,5928.8,5883.8,5838.8
Área selvática  (kilómetros cuadrados),AG.LND.FRST.K2,Guinea Ecuatorial,GNQ,26991.5,26155.8,25236.52,25152.94,25069.36,24985.78,24902.2,24818.6,24735,24651.4,24567.8,24484.2
Área selvática  (kilómetros cuadrados),AG.LND.FRST.K2,Eritrea,ERI,16210,11184.6,10837,10805.4,10773.8,10742.2,10710.6,10679,10647.4,10615.8,10584.2,10552.6
Área selvática  (kilómetros cuadrados),AG.LND.FRST.K2,Estonia,EST,22060,22388.9,23530.18,23700.16,23870.14,24040.12,24210.1,24212.5,24384,24384,24384,24384
Área selvática  (kilómetros cuadrados),AG.LND.FRST.K2,Eswatini,SWZ,4611.4,4732.8,4866.44,4878.58,4890.72,4902.86,4915,4927.2,4939.3,4951.4,4963.5,4975.6
Área selvática  (kilómetros cuadrados),AG.LND.FRST.K2,Etiopía,ETH,204085.6,185285,177255,176525,175795,175065,174335,173605,172875,172145,171415,170685
Área selvática  (kilómetros cuadrados),AG.LND.FRST.K2,Islas Feroe,FRO,0.8,0.8,0.8,0.8,0.8,0.8,0.8,0.8,0.8,0.8,0.8,0.8
Área selvática  (kilómetros cuadrados),AG.LND.FRST.K2,Fiji,FJI,9396.9,10064.7,10799.16,10865.92,10932.68,10999.44,11066.2,11133,11199.8,11266.6,11333.4,11400.2
Área selvática  (kilómetros cuadrados),AG.LND.FRST.K2,Finlandia,FIN,218753.3,224456.4,222754,223088,223422,223756,224090,224090,224090,224090,224090,224090
Área selvática  (kilómetros cuadrados),AG.LND.FRST.K2,Francia,FRA,144360,152880,165024,165858,166692,167526,168360,169194,170028,170862,171696,172530
Área selvática  (kilómetros cuadrados),AG.LND.FRST.K2,Polinesia Francesa,PYF,1444.3,1485.5,1494.6,1494.6,1494.6,1494.6,1494.6,1494.6,1494.6,1494.6,1494.6,1494.6
Área selvática  (kilómetros cuadrados),AG.LND.FRST.K2,Gabón,GAB,237616.2,237000,236375.28,236256.46,236137.64,236018.82,235900,235781.2,235662.4,235543.6,235424.8,235306
Área selvática  (kilómetros cuadrados),AG.LND.FRST.K2,Gambia,GMB,4146.6,3573.3,2942.68,2885.36,2828.04,2770.72,2713.4,2656,2598.7,2541.4,2484,2426.7
Área selvática  (kilómetros cuadrados),AG.LND.FRST.K2,Georgia,GEO,27520,27606,28224,28224,28224,28224,28224,28224,28224,28224,28224,28224
Área selvática  (kilómetros cuadrados),AG.LND.FRST.K2,Alemania,DEU,113000,113540,114110,114130,114150,114170,114190,114190,114190,114190,114190,114190
Área selvática  (kilómetros cuadrados),AG.LND.FRST.K2,Ghana,GHA,99242.6,88486.1,79304.32,79179.34,79054.36,78929.38,78804.4,79222.4,79640.4,79712.6,79784.8,79857.1
Área selvática  (kilómetros cuadrados),AG.LND.FRST.K2,Gibraltar,GIB,0,0,0,0,0,0,0,0,0,0,..,..
Área selvática  (kilómetros cuadrados),AG.LND.FRST.K2,Grecia,GRC,32985.51,36002.296,39018.03,39018.03,39018.03,39018.03,39018.03,39018,39018,39018,39018,39018
Área selvática  (kilómetros cuadrados),AG.LND.FRST.K2,Groenlandia,GRL,2.2,2.2,2.2,2.2,2.2,2.2,2.2,2.2,2.2,2.2,2.2,2.2
Área selvática  (kilómetros cuadrados),AG.LND.FRST.K2,Granada,GRD,177,177,177,177,177,177,177,177,177,177,177,177
Área selvática  (kilómetros cuadrados),AG.LND.FRST.K2,Guam,GUM,240,240,242,244,246,248,250,280,280,280,280,280
Área selvática  (kilómetros cuadrados),AG.LND.FRST.K2,Guatemala,GTM,47812,42092,36952.4,36678.8,36405.2,36131.6,35858,35742,35626,35510,35394,35278
Área selvática  (kilómetros cuadrados),AG.LND.FRST.K2,Guinea,GIN,72760,69290,65330,64970,64610,64250,63890,63490,63090,62690,62290,61890
Área selvática  (kilómetros cuadrados),AG.LND.FRST.K2,Guinea-Bissau,GNB,22333.3,21488.8,20559.86,20475.42,20390.98,20306.54,20222.1,20137.7,20053.3,19968.9,19884.5,19800.1
Área selvática  (kilómetros cuadrados),AG.LND.FRST.K2,Guyana,GUY,186021.5,185642.2,185081.2,184964.3,184847.4,184730.5,184613.6,184521.6,184429.5,184337.5,184245.4,184153.4
Área selvática  (kilómetros cuadrados),AG.LND.FRST.K2,Haití,HTI,3829.2,3806.5,3752.74,3721.68,3690.62,3659.56,3628.5,3597.4,3566.3,3535.2,3504.1,3473
Área selvática  (kilómetros cuadrados),AG.LND.FRST.K2,Honduras,HND,69877.8,67782.7,65531.42,65308.14,65084.86,64861.58,64638.3,64430.5,64221.1,64011.6,63802.1,63592.6
Área selvática  (kilómetros cuadrados),AG.LND.FRST.K2,"Hong Kong, Región Administrativa Especial",HKG,..,..,..,..,..,..,..,..,..,..,..,..
Área selvática  (kilómetros cuadrados),AG.LND.FRST.K2,Hungría,HUN,18139,19211.7,20492.76,20521.62,20550.48,20579.34,20608.2,20587.3,20572.7,20559.2,20544.7,20530.1
Área selvática  (kilómetros cuadrados),AG.LND.FRST.K2,Islandia,ISL,170.7,298.3,453.68,460.66,467.64,474.62,481.6,486.6,493.8,500.4,506.9,513.5
Área selvática  (kilómetros cuadrados),AG.LND.FRST.K2,India,IND,639380,675910,697624,700288,702952,705616,708280,710944,713608,716272,718936,721600
Área selvática  (kilómetros cuadrados),AG.LND.FRST.K2,Indonesia,IDN,1185450,1012800,987329.4,978066.8,968804.2,959541.6,950279,952718,939498,933442.7,927387.3,921332
Área selvática  (kilómetros cuadrados),AG.LND.FRST.K2,"Irán, República Islámica del",IRN,90760.6,93256.6,106919.8,106919.8,106919.8,106919.8,106919.8,107020.8,107105.9,107270.3,107434.7,107518.7
Área selvática  (kilómetros cuadrados),AG.LND.FRST.K2,Iraq,IRQ,8040,8180,8250,8250,8250,8250,8250,8250,8250,8250,8250,8250
Área selvática  (kilómetros cuadrados),AG.LND.FRST.K2,Irlanda,IRL,4616.4,6303.6,7272.38,7340.96,7409.54,7478.12,7546.7,7623.5,7700.2,7740.2,7780.2,7820.2
Área selvática  (kilómetros cuadrados),AG.LND.FRST.K2,Isla de Man,IMN,34.6,34.6,34.6,34.6,34.6,34.6,34.6,34.6,34.6,34.6,34.6,34.6
Área selvática  (kilómetros cuadrados),AG.LND.FRST.K2,Israel,ISR,1320,1530,1562,1584,1606,1628,1650,1400,1400,1400,1400,1400
Área selvática  (kilómetros cuadrados),AG.LND.FRST.K2,Italia,ITA,75897.5,83692.5,90818.48,91356.56,91894.64,92432.72,92970.8,93508.9,94047,94585.1,95123.2,95661.3
Área selvática  (kilómetros cuadrados),AG.LND.FRST.K2,Jamaica,JAM,5212.8,5210,5622.52,5660.54,5698.56,5736.58,5774.6,5813.4,5852.3,5891.2,5930,5968.9
Área selvática  (kilómetros cuadrados),AG.LND.FRST.K2,Japón,JPN,249500,248760,249616,249572,249528,249484,249440,249400,249350,249350,249350,249350
Área selvática  (kilómetros cuadrados),AG.LND.FRST.K2,Jordania,JOR,975,975,975,975,975,975,975,975,975,975,975,975
Área selvática  (kilómetros cuadrados),AG.LND.FRST.K2,Kazajstán,KAZ,34220,31569.258,31274.349,31726.902,32179.455,32632.009,33084.5619,33377.1,33669.6,33962.012,34254.4,34546.8
Área selvática  (kilómetros cuadrados),AG.LND.FRST.K2,Kenya,KEN,38585.4,39611.9,35975.54,35787.68,35599.82,35411.96,35224.1,35519.7,35815.3,36110.9,36110.9,36110.9
Área selvática  (kilómetros cuadrados),AG.LND.FRST.K2,Kiribati,KIR,11.8,11.8,11.8,11.8,11.8,11.8,11.8,11.8,11.8,11.8,11.8,11.8
Área selvática  (kilómetros cuadrados),AG.LND.FRST.K2,"Corea, República Popular Democrática de",PRK,69120.3,64546.9,62211.6,61999.3,61787,61574.7,61362.4,61150.1,60937.8,60725.5,60513.2,60300.9
Área selvática  (kilómetros cuadrados),AG.LND.FRST.K2,"Corea, República de",KOR,65510,64760,63770,63670,63570,63470,63370,63250,63170,63070,62970,62870
Área selvática  (kilómetros cuadrados),AG.LND.FRST.K2,Kosovo,XKX,..,..,..,..,..,..,..,..,..,..,..,..
Área selvática  (kilómetros cuadrados),AG.LND.FRST.K2,Kuwait,KWT,34.5,48.5,62.5,62.5,62.5,62.5,62.5,62.5,62.5,62.5,62.5,62.5
Área selvática  (kilómetros cuadrados),AG.LND.FRST.K2,Kirguistán,KGZ,8360,11809,12341.06,12385.32,12429.58,12473.84,12518.1,12562.4,12606.6422,12789,12971.4,13153.8
Área selvática  (kilómetros cuadrados),AG.LND.FRST.K2,República Democrática Popular Lao,LAO,178430,174250,169060,168715,168370,168025,167680,167335,166990,166645,166300,165955
Área selvática  (kilómetros cuadrados),AG.LND.FRST.K2,Letonia,LVA,31730,32410,33759.84,33798.48,33837.12,33875.76,33914.4,33953.1,33991.8,34030.5,34069.2,34107.9
Área selvática  (kilómetros cuadrados),AG.LND.FRST.K2,Líbano,LBN,1397,1381.8,1379.46,1385.42,1391.38,1397.34,1403.3,1409.3,1415.3,1421.3,1427.3,1433.3
Área selvática  (kilómetros cuadrados),AG.LND.FRST.K2,Lesotho,LSO,345.2,345.2,345.2,345.2,345.2,345.2,345.2,345.2,345.2,345.2,345.2,345.2
Área selvática  (kilómetros cuadrados),AG.LND.FRST.K2,Liberia,LBR,85252.4,82226.4,78897.8,78595.2,78292.6,77990,77687.4,77384.8,77082.2,76779.6,76477,76174.4
Área selvática  (kilómetros cuadrados),AG.LND.FRST.K2,Libia,LBY,2170,2170,2170,2170,2170,2170,2170,2170,2170,2170,2170,2170
Área selvática  (kilómetros cuadrados),AG.LND.FRST.K2,Liechtenstein,LIE,65,67,66.994,66.995,66.997,66.998,67,67,67,67,67,67
Área selvática  (kilómetros cuadrados),AG.LND.FRST.K2,Lituania,LTU,19450,20200,21734,21768,21802,21836,21870,21900,21960,21980,22000,22010
Área selvática  (kilómetros cuadrados),AG.LND.FRST.K2,Luxemburgo,LUX,870,867,887,887,887,887,887,887,887,887,887,887
Área selvática  (kilómetros cuadrados),AG.LND.FRST.K2,"Región Administrativa Especial de Macao, China",MAC,..,..,..,..,..,..,..,..,..,..,..,..
Área selvática  (kilómetros cuadrados),AG.LND.FRST.K2,Madagascar,MDG,136934.5,130306.7,125487.62,125355.44,125223.26,125091.08,124958.9,124826.8,124694.6,124562.4,124430.3,124298.1
Área selvática  (kilómetros cuadrados),AG.LND.FRST.K2,Malawi,MWI,35017,30817,26197,25777,25357,24937,24517,24097,23677,23257,22837,22417
Área selvática  (kilómetros cuadrados),AG.LND.FRST.K2,Malasia,MYS,206185,196913.5,190509.64,191542.78,192575.92,193609.06,194642.2,193146.4,192644.9,192143.4,191641.9,191140.4
Área selvática  (kilómetros cuadrados),AG.LND.FRST.K2,Maldivas,MDV,8.2,8.2,8.2,8.2,8.2,8.2,8.2,8.2,8.2,8.2,8.2,8.2
Área selvática  (kilómetros cuadrados),AG.LND.FRST.K2,Malí,MLI,132960,132960,132960,132960,132960,132960,132960,132960,132960,132960,132960,132960
Área selvática  (kilómetros cuadrados),AG.LND.FRST.K2,Malta,MLT,3.5,3.5,3.5,3.5,3.5,3.5,3.5,3.8,4.2,4.6,4.6,4.6
Área selvática  (kilómetros cuadrados),AG.LND.FRST.K2,Islas Marshall,MHL,130,94,94,94,94,94,94,94,94,94,94,94
Área selvática  (kilómetros cuadrados),AG.LND.FRST.K2,Mauritania,MRT,4760.4,4216.4,3618,3563.6,3509.2,3454.8,3400.4,3346,3292,3237,3183,3128
Área selvática  (kilómetros cuadrados),AG.LND.FRST.K2,Mauricio,MUS,410.7,419.3,383.72,383.54,383.36,383.18,383,382.9,386.5,386.9,387.3,387.7
Área selvática  (kilómetros cuadrados),AG.LND.FRST.K2,México,MEX,705916.5,683813.5,668208.3,666983.5,665758.7,664533.9,663309.1,662031.5,660753.8,659476.1,658198.5,656920.8
Área selvática  (kilómetros cuadrados),AG.LND.FRST.K2,Micronesia (Estados Federados de),FSM,640,638.6,641.58,641.86,642.14,642.42,642.7,643,643.3,643.6,643.9,644.2
Área selvática  (kilómetros cuadrados),AG.LND.FRST.K2,República de Moldova,MDA,3190,3444,3768.8,3792.6,3816.4,3840.2,3864,3865,3865,3865,3865,3865
Área selvática  (kilómetros cuadrados),AG.LND.FRST.K2,Mónaco,MCO,0,0,0,0,0,0,0,0,0,0,..,..
Área selvática  (kilómetros cuadrados),AG.LND.FRST.K2,Mongolia,MNG,143520,142639,141827.86,141816.72,141805.58,141794.44,141783.3,141772.2,141761.1,141750,141738.9,141727.8
Área selvática  (kilómetros cuadrados),AG.LND.FRST.K2,Montenegro,MNE,6260,6260,8270,8270,8270,8270,8270,8270,8270,8270,8270,8270
Área selvática  (kilómetros cuadrados),AG.LND.FRST.K2,Marruecos,MAR,54852.9,55065.4,56765.94,56786.18,56806.42,56826.66,56846.9,56997.9,57115.9,57215.9,57320.9,57424.9
Área selvática  (kilómetros cuadrados),AG.LND.FRST.K2,Mozambique,MOZ,433780,411880,387657.12,385592.84,383528.56,381464.28,379400,376282.9,374066,372241.68,369661.1,367437.6
Área selvática  (kilómetros cuadrados),AG.LND.FRST.K2,Myanmar,MMR,392184.8,348681.1,311512.88,308615.76,305718.64,302821.52,299924.4,297027.3,294130.2,291233.1,288336,285438.9
Área selvática  (kilómetros cuadrados),AG.LND.FRST.K2,Namibia,NAM,87691.7,80590.84,72779.82,72069.74,71359.66,70649.58,69939.5,69229.4,68519.3,67809.2,67099.1,66389
Área selvática  (kilómetros cuadrados),AG.LND.FRST.K2,Nauru,NRU,0,0,0,0,0,0,0,0,0,0,..,..
Área selvática  (kilómetros cuadrados),AG.LND.FRST.K2,Nepal,NPL,56720,59707.6,59620.3,59620.3,59620.3,59620.3,59620.3,59620.3,59620.3,59620.3,59620.3,59620.3
Área selvática  (kilómetros cuadrados),AG.LND.FRST.K2,Países Bajos,NLD,3453.3,3595,3717.5,3700.2,3682.9,3665.6,3648.3,3657.6,3667,3676.3,3685.7,3695
Área selvática  (kilómetros cuadrados),AG.LND.FRST.K2,Nueva Caledonia,NCL,8311.3,8378.5,8389.2,8388.2,8387.2,8386.2,8385.2,8384.2,8383.2,8382.2,8381.2,8380.2
Área selvática  (kilómetros cuadrados),AG.LND.FRST.K2,Nueva Zelandia,NZL,93722.7,98504.4,98478.18,98475.16,98472.14,98469.12,98466.1,98467.5,98508.5,98551.5,98655.2,98925.9
Área selvática  (kilómetros cuadrados),AG.LND.FRST.K2,Nicaragua,NIC,63993.2,53993.2,41320.26,40759.02,40197.78,39636.54,39075.3,38075.3,37075.3,36075.3,35075.3,34075.3
Área selvática  (kilómetros cuadrados),AG.LND.FRST.K2,Níger,NER,19450,13281,11914.8,11790.6,11666.4,11542.2,11418,11293.8,11169.6,11045.4,10921.2,10797
Área selvática  (kilómetros cuadrados),AG.LND.FRST.K2,Nigeria,NGA,265260.9,248930.4,230966.74,229333.68,227700.62,226067.56,224434.5,222801.4789,221168.5,219535.5,217902.5,216269.5
Área selvática  (kilómetros cuadrados),AG.LND.FRST.K2,Macedonia del Norte,MKD,9120,9575.5,9672.24,9740.18,9808.12,9876.06,9944,10016.7,10014.9,10014.9,10014.9,10014.9
Área selvática  (kilómetros cuadrados),AG.LND.FRST.K2,Mariana,MNP,340,319.6,301.54,299.88,298.22,296.56,294.9,243.6,243.6,243.6,243.6,243.6
Área selvática  (kilómetros cuadrados),AG.LND.FRST.K2,Noruega,NOR,121320,121130,121098,121176,121254,121332,121410,121488,121566,121644,121722,121800
Área selvática  (kilómetros cuadrados),AG.LND.FRST.K2,Omán,OMN,30,30,30,30,30,30,30,28,27,26,25,25
Área selvática  (kilómetros cuadrados),AG.LND.FRST.K2,Pakistán,PAK,1447.4,45112.6,40615.04,40292.78,39970.52,39648.26,39326,38682.4,38499.2,38085.8,37672.4,37259
Área selvática  (kilómetros cuadrados),AG.LND.FRST.K2,Palau,PLW,380,395.8,406.46,407.32,408.18,409.04,409.9,410.8,411.6,412.5,413.3,414.1
Área selvática  (kilómetros cuadrados),AG.LND.FRST.K2,Panamá,PAN,46074,44421.4,43165.74,43051.58,42937.42,42823.26,42709.1,42595,42480.8,42366.7,42252.5,42138.4
Área selvática  (kilómetros cuadrados),AG.LND.FRST.K2,Papua Nueva Guinea,PNG,363996.8,362779.6626,361479.924,361170.995,360862.066,360553.138,360244.2088,359898.8,359563.5,359228.2,358892.9,358557.6
Área selvática  (kilómetros cuadrados),AG.LND.FRST.K2,Paraguay,PRY,255458.6,229916.5,191559.56,187417.02,183274.48,179131.94,174989.4,173331.3,169402.7,166609.3,163816,161022.6
Área selvática  (kilómetros cuadrados),AG.LND.FRST.K2,Perú,PER,764485.4,752978.3,738787.46,737076.92,735366.38,733655.84,731945.3,730102.8,728347.8,726760.4,725032,723303.7
Área selvática  (kilómetros cuadrados),AG.LND.FRST.K2,Filipinas,PHL,77788.1,73092.6,68746.06,69094.92,69443.78,69792.64,70141.5,70490.4,70839.3,71188.1,71537,71885.9
Área selvática  (kilómetros cuadrados),AG.LND.FRST.K2,Polonia,POL,88820,90590,93472,93654,93836,94018,94200,94350,94470,94590,94710,94830
Área selvática  (kilómetros cuadrados),AG.LND.FRST.K2,Portugal,PRT,33990,32810,32640,32760,32880,33000,33120,33120,33120,33120,33120,33120
Área selvática  (kilómetros cuadrados),AG.LND.FRST.K2,Puerto Rico,PRI,3203.3,4291.5,4919.36,4924.22,4929.08,4933.94,4938.8,4943.7,4948.6,4953.5,4958.4,4963.3
Área selvática  (kilómetros cuadrados),AG.LND.FRST.K2,Qatar,QAT,0,0,0,0,0,0,0,0,0,0,0,0
Área selvática  (kilómetros cuadrados),AG.LND.FRST.K2,Rumania,ROU,63710,63660,65921.92,66693.84,67465.76,68237.68,69009.6,69290.5,69290.5,69290.5,69290.5,69290.5
Área selvática  (kilómetros cuadrados),AG.LND.FRST.K2,Federación de Rusia,RUS,8089500,8092685,8150945.72,8150535.44,8150125.16,8149714.88,8149304.6,8151210.3,8153116,8153116,8153116,8153116
Área selvática  (kilómetros cuadrados),AG.LND.FRST.K2,Rwanda,RWA,3170,2870,2660,2670,2680,2690,2700,2720,2730,2740,2750,2760
Área selvática  (kilómetros cuadrados),AG.LND.FRST.K2,Samoa,WSM,1761.3,1713.1,1660.06,1655.22,1650.38,1645.54,1640.7,1635.9,1631.1,1626.3,1621.5,1616.7
Área selvática  (kilómetros cuadrados),AG.LND.FRST.K2,San Marino,SMR,10,10,10,10,10,10,10,10,10,10,10,10
Área selvática  (kilómetros cuadrados),AG.LND.FRST.K2,Santo Tomé y Príncipe,STP,586.2,583.6,574.8,568.6,562.4,556.2,550,543.8,537.6,531.4,525.2,519
Área selvática  (kilómetros cuadrados),AG.LND.FRST.K2,Arabia Saudita,SAU,9770,9770,9770,9770,9770,9770,9770,9770,9770,9770,9770,9770
Área selvática  (kilómetros cuadrados),AG.LND.FRST.K2,Senegal,SEN,93031.6,88531.6,84281.6,83881.6,83481.6,83081.6,82681.6,82281.6,81881.6,81481.6,81081.6,80681.6
Área selvática  (kilómetros cuadrados),AG.LND.FRST.K2,Serbia,SRB,24760,24600,27143.06,27156.12,27169.18,27182.24,27195.3,27201.8,27218.6,27220,27222.2,27226.5
Área selvática  (kilómetros cuadrados),AG.LND.FRST.K2,Seychelles,SYC,337,337,337,337,337,337,337,337,337,337,337,337
Área selvática  (kilómetros cuadrados),AG.LND.FRST.K2,Sierra Leona,SLE,31267,29294.3,27124.34,26927.08,26729.82,26532.56,26335.3,26138,25940.7,25743.4,25546.1,25348.8
Área selvática  (kilómetros cuadrados),AG.LND.FRST.K2,Singapur,SGP,148.269,170.1346,174.866,172.328,169.79,167.252,164.714,162.855,161.1,159.3,157.5,155.7
Área selvática  (kilómetros cuadrados),AG.LND.FRST.K2,Sint Maarten (Dutch part),SXM,..,3.7,3.7,3.7,3.7,3.7,3.7,3.7,3.7,3.7,3.7,3.7
Área selvática  (kilómetros cuadrados),AG.LND.FRST.K2,República Eslovaca,SVK,19220,19014.1,19186.78,19194.46,19202.14,19209.82,19217.5,19233.7,19259,19259,19259,19259
Área selvática  (kilómetros cuadrados),AG.LND.FRST.K2,Eslovenia,SVN,11880,12330,12472,12474,12476,12478,12480,12459.7,12439.3,12419,12398.6,12378.3
Área selvática  (kilómetros cuadrados),AG.LND.FRST.K2,Islas Salomón,SLB,25449.1,25376,25295.48,25288.16,25280.84,25273.52,25266.2,25258.9,25251.6,25244.3,25237,25229.7
Área selvática  (kilómetros cuadrados),AG.LND.FRST.K2,Somalia,SOM,82825,75150,66707.5,65940,65172.5,64405,63637.5,62870,62102.5,61335,60567.5,59800
Área selvática  (kilómetros cuadrados),AG.LND.FRST.K2,Sudáfrica,ZAF,181420.9,177780.9,173776.9,173412.9,173048.9,172684.9,172320.9,171956.9,171592.9,171228.9,170864.9,170500.9
Área selvática  (kilómetros cuadrados),AG.LND.FRST.K2,Sudán del Sur,SSD,..,71570,71570,71570,71570,71570,71570,71570,71570,71570,71570,71570
Área selvática  (kilómetros cuadrados),AG.LND.FRST.K2,España,ESP,139046.6,170939.3,185465.08,185476.76,185488.44,185500.12,185511.8,185552.4,185593,185635.9,185678.8,185721.7
Área selvática  (kilómetros cuadrados),AG.LND.FRST.K2,Sri Lanka,LKA,23503.3,21664.2,21086.6,21137,21187.4,21237.8,21288.2,21256.6,21225,21193.4,21161.8,21130.2
Área selvática  (kilómetros cuadrados),AG.LND.FRST.K2,Saint Kitts y Nevis,KNA,110,110,110,110,110,110,110,110,110,110,110,110
Área selvática  (kilómetros cuadrados),AG.LND.FRST.K2,Santa Lucía,LCA,212.7,210.1,207.7,207.7,207.7,207.7,207.7,207.7,207.7,207.7,207.7,207.7
Área selvática  (kilómetros cuadrados),AG.LND.FRST.K2,Isla de San Martín (parte francesa),MAF,10,12.4,12.4,12.4,12.4,12.4,12.4,12.4,12.4,12.4,12.4,12.4
Área selvática  (kilómetros cuadrados),AG.LND.FRST.K2,San Vicente y las Granadinas,VCT,275.4,285.4,285.4,285.4,285.4,285.4,285.4,285.4,285.4,285.4,285.4,285.4
Área selvática  (kilómetros cuadrados),AG.LND.FRST.K2,Sudán,SDN,..,218261.6,199069.22,197326.74,195584.26,193841.78,192099.3,190481.9,188760.3,187038.7,185317.1,183595.5
Área selvática  (kilómetros cuadrados),AG.LND.FRST.K2,Suriname,SUR,153776.3,153408.7,152902.22,152805.84,152709.46,152613.08,152516.7,152403.2,152330.2,152207.8,152085.3,151962.9
Área selvática  (kilómetros cuadrados),AG.LND.FRST.K2,Suecia,SWE,280630,281630,280544,280358,280172,279986,279800,279800,279800,279800,279800,279800
Área selvática  (kilómetros cuadrados),AG.LND.FRST.K2,Suiza,CHE,11535,11961.8,12381.58,12415.96,12450.34,12484.72,12519.1,12553.5,12587.9,12622.3,12656.7,12691.1
Área selvática  (kilómetros cuadrados),AG.LND.FRST.K2,República Árabe Siria,SYR,3720.8,4320.8,4980.8,5040.8,5100.8,5160.8,5220.8,5220.8,5220.8,5220.8,5220.8,5220.8
Área selvática  (kilómetros cuadrados),AG.LND.FRST.K2,Tayikistán,TJK,4080,4100,4123.6,4147.2,4170.8,4194.4,4218,4218,4218,4218,4228,4238
Área selvática  (kilómetros cuadrados),AG.LND.FRST.K2,Tanzanía,TZA,573900.1,536700.1,495780.08,492060.06,488340.04,484620.02,480900,476210,471520,466830,462140,457450
Área selvática  (kilómetros cuadrados),AG.LND.FRST.K2,Tailandia,THA,193610,189980,200706,200682,200658,200634,200610,200170,199810,199450,199090,198730
Área selvática  (kilómetros cuadrados),AG.LND.FRST.K2,Timor-Leste,TLS,9631,9491,9337,9323,9309,9295,9281,9267,9256,9239,9225,9211
Área selvática  (kilómetros cuadrados),AG.LND.FRST.K2,Togo,TGO,13616.6,12684.64,12359.1,12329.5,12299.9,12270.3,12240.7,12211.1,12181.5,12151.9,12122.3,12092.7
Área selvática  (kilómetros cuadrados),AG.LND.FRST.K2,Tonga,TON,89.5,89.5,89.5,89.5,89.5,89.5,89.5,89.5,89.5,89.5,89.5,89.5
Área selvática  (kilómetros cuadrados),AG.LND.FRST.K2,Trinidad y Tobago,TTO,2420.6,2366.5,2319.86,2315.62,2311.38,2307.14,2302.9,2298.7,2294.5,2290.3,2286.1,2281.9
Área selvática  (kilómetros cuadrados),AG.LND.FRST.K2,Túnez,TUN,6439.769,6678.5,6889.6,6904.9,6920.2,6935.5,6950.8,6966.1,6981.4,6996.7,7012,7027.3
Área selvática  (kilómetros cuadrados),AG.LND.FRST.K2,Turquía,TUR,197834.8,201483.5,211925.24,213019.68,214114.12,215208.56,216303,216303,217524.6,219083.6,220643.6,222203.6
Área selvática  (kilómetros cuadrados),AG.LND.FRST.K2,Turkmenistán,TKM,41270,41270,41270,41270,41270,41270,41270,41270,41270,41270,41270,41270
Área selvática  (kilómetros cuadrados),AG.LND.FRST.K2,Islas Turcas y Caicos,TCA,105.2,105.2,105.2,105.2,105.2,105.2,105.2,105.2,105.2,105.2,105.2,105.2
Área selvática  (kilómetros cuadrados),AG.LND.FRST.K2,Tuvalu,TUV,10,10,10,10,10,10,10,10,10,10,10,10
Área selvática  (kilómetros cuadrados),AG.LND.FRST.K2,Uganda,UGA,35754.7,31629.5,27091.68,26679.16,26266.64,25854.12,25441.6,25029.1,24616.6,24204.1,23791.5,23379
Área selvática  (kilómetros cuadrados),AG.LND.FRST.K2,Ucrania,UKR,92740,95100,95698,95916,96134,96352,96570,96640,96710,96780,96840,96900
Área selvática  (kilómetros cuadrados),AG.LND.FRST.K2,Emiratos Árabes Unidos,ARE,2450,3094.3,3173,3173,3173,3173,3173,3173,3173,3173,3173,3173
Área selvática  (kilómetros cuadrados),AG.LND.FRST.K2,Reino Unido,GBR,27780,29540,30782,30974,31166,31358,31550,31590,31640,31730,31820,31900
Área selvática  (kilómetros cuadrados),AG.LND.FRST.K2,Estados Unidos,USA,3024500,3035360,3089950,3092700,3095450,3098200,3100950,3100950,3097950,3097950,3097950,3097950
Área selvática  (kilómetros cuadrados),AG.LND.FRST.K2,Uruguay,URY,7980,13690,17690.4,18067.8,18445.2,18822.6,19200,19470,19680,19890,20100,20310
Área selvática  (kilómetros cuadrados),AG.LND.FRST.K2,Uzbekistán,UZB,30450,29614.61,33895.6,34295.2,34694.8,35094.4,35494,35863,36121.36,36379.8,36638.2,36896.6
Área selvática  (kilómetros cuadrados),AG.LND.FRST.K2,Vanuatu,VUT,4423,4423,4423,4423,4423,4423,4423,4423,4423,4423,4423,4423
Área selvática  (kilómetros cuadrados),AG.LND.FRST.K2,Venezuela,VEN,520260,491510,473406,471762,470118,468474,466830,465432.6,464281.8,463377.6,462720,462309
Área selvática  (kilómetros cuadrados),AG.LND.FRST.K2,Viet Nam,VNM,93759.6,117841,135228.2,136575.8,137923.4,139271,140618.6,143776.8,144153.9,144912.9,145671.9,146430.9
Área selvática  (kilómetros cuadrados),AG.LND.FRST.K2,Islas Vírgenes (EE.UU.),VIR,245.4,204.7,185.76,187.22,188.68,190.14,191.6,193.1,194.6,196.1,197.6,199.1
Área selvática  (kilómetros cuadrados),AG.LND.FRST.K2,Ribera Occidental y Gaza,PSE,90.7999992370605,90.8,91.7000007629395,91.7000007629395,91.7000007629395,91.7000007629395,101.4,101.4,101.4,101.4,101.4,101.4
Área selvática  (kilómetros cuadrados),AG.LND.FRST.K2,"Yemen, Rep. del",YEM,5490,5490,5490,5490,5490,5490,5490,5490,5490,5490,5490,5490
Área selvática  (kilómetros cuadrados),AG.LND.FRST.K2,Zambia,ZMB,474120,470540,465078.2,463196.4,461314.6,459432.8,457551,455668,453786.7,451904.6,450022.4,448140.3
Área selvática  (kilómetros cuadrados),AG.LND.FRST.K2,Zimbabwe,ZWE,188266.8,183659.8,178592.1,178131.4,177670.7,177210,176749.3,176288.6,175827.9,175367.2,174906.5,174445.8
,,,,,,,,,,,,,,,
,,,,,,,,,,,,,,,
,,,,,,,,,,,,,,,
Data from Database: Indicadores del desarrollo mundial,,,,,,,,,,,,,,,
Last Updated: 02/15/2022,,,,,,,,,,,,,,,
